"3387,CONTAINER,2886,80,83.68,23.50,6.34,0
"
"3387,CONTAINER,2887,81,84.01,23.50,3.29,0
"
"3387,CONTAINER,2888,82,84.01,23.50,4.84,0
"
"3387,CONTAINER,2889,83,84.35,23.50,5.48,0
"
"3387,CONTAINER,2890,84,84.18,23.50,5.73,0
"
"3387,CONTAINER,2891,85,84.35,23.50,4.87,0
"
"3387,CONTAINER,2892,86,84.10,23.50,5.25,0
"
"3387,CONTAINER,2893,87,84.85,23.50,5.65,0
"
"3387,CONTAINER,2894,88,84.43,23.50,4.94,0
"
"3387,CONTAINER,2895,89,84.85,23.50,5.12,0
"
"3387,CONTAINER,2896,90,84.43,23.50,5.52,0
"
"3387,CONTAINER,2897,91,84.35,23.50,4.45,0
"
"3387,CONTAINER,2898,92,84.43,23.50,4.09,0
"
"3387,CONTAINER,2899,93,84.60,23.50,4.15,0
"
"3387,CONTAINER,2900,94,84.43,23.50,3.37,0
"
"3387,CONTAINER,2901,95,84.60,23.50,3.85,0
"
"3387,CONTAINER,2902,96,84.10,23.60,4.06,0
"
"3387,CONTAINER,2903,97,84.26,23.50,3.31,0
"
"3387,CONTAINER,2904,98,84.10,23.60,3.90,0
"
"3387,CONTAINER,2905,99,83.76,23.60,3.90,0
"
"3387,CONTAINER,2906,100,83.93,23.60,5.46,0
"
"3387,CONTAINER,2907,101,84.01,23.60,3.84,0
"
"3387,CONTAINER,2908,102,84.01,23.60,5.38,0
"
"3387,CONTAINER,2909,103,84.26,23.60,4.80,0
"
"3387,CONTAINER,2910,104,83.93,23.60,4.08,0
"
"3387,CONTAINER,2911,105,84.68,23.60,3.80,0
"
"3387,CONTAINER,2912,106,84.26,23.60,3.50,0
"
"3387,CONTAINER,2913,107,84.43,23.60,3.08,0
"
"3387,CONTAINER,2914,108,84.26,23.60,2.98,0
"
"3387,CONTAINER,2915,109,84.01,23.60,2.77,0
"
"3387,CONTAINER,2916,110,84.10,23.60,2.44,0
"
"3387,CONTAINER,2917,111,84.60,23.60,3.21,0
"
"3387,CONTAINER,2918,112,84.52,23.60,4.14,0
"
"3387,CONTAINER,2919,113,84.52,23.60,4.01,0
"
"3387,CONTAINER,2920,114,84.35,23.60,4.20,0
"
"3387,CONTAINER,2921,115,84.43,23.60,4.02,0
"
"3387,CONTAINER,2922,116,84.26,23.60,3.48,0
"
"3387,CONTAINER,2923,117,84.60,23.60,3.60,0
"
"3387,CONTAINER,2924,118,84.26,23.60,3.36,0
"
"3387,CONTAINER,2925,119,84.01,23.60,3.24,0
"
"3387,CONTAINER,2926,120,83.93,23.60,3.06,0
"
"resetting data...
"
"3387,CONTAINER,0,0,84.68,23.60,3.18,0
"
"3387,CONTAINER,1,1,84.35,23.60,2.83,0
"
"3387,CONTAINER,2,2,85.02,23.60,2.96,0
"
"3387,CONTAINER,3,3,84.35,23.60,2.01,0
"
"3387,CONTAINER,4,4,84.26,23.60,2.77,0
"
"3387,CONTAINER,5,5,84.10,23.60,2.03,0
"
"3387,CONTAINER,6,6,84.35,23.60,8.31,0
"
"3387,CONTAINER,7,7,84.18,23.60,3.26,0
"
"3387,CONTAINER,8,8,84.43,23.60,7.16,0
"
"3387,CONTAINER,9,9,84.01,23.60,6.24,0
"
"3387,CONTAINER,10,10,84.52,23.60,4.93,0
"
"3387,CONTAINER,11,11,85.19,23.60,6.79,0
"
"3387,CONTAINER,12,12,84.52,23.60,5.02,0
"
"3387,CONTAINER,13,13,84.94,23.60,3.39,0
"
"3387,CONTAINER,14,14,84.52,23.60,3.45,0
"
"3387,CONTAINER,15,15,84.26,23.60,6.67,0
"
"3387,CONTAINER,16,16,84.35,23.60,2.91,0
"
"3387,CONTAINER,17,17,84.01,23.60,3.20,0
"
"3387,CONTAINER,18,18,84.60,23.60,7.06,0
"
"3387,CONTAINER,19,19,84.77,23.60,6.28,0
"
"3387,CONTAINER,20,20,84.01,23.60,2.46,0
"
"3387,CONTAINER,21,21,84.35,23.60,6.61,0
"
"3387,CONTAINER,22,22,84.10,23.60,4.12,0
"
"3387,CONTAINER,23,23,84.43,23.60,3.74,0
"
"3387,CONTAINER,24,24,84.35,23.60,2.62,0
"
"3387,CONTAINER,25,25,84.35,23.60,2.74,0
"
"3387,CONTAINER,26,26,84.68,23.60,2.05,0
"
"3387,CONTAINER,27,27,84.85,23.60,1.62,0
"
"3387,CONTAINER,28,28,85.02,23.60,3.08,0
"
"3387,CONTAINER,29,29,84.85,23.60,2.86,0
"
"3387,CONTAINER,30,30,85.02,23.60,2.13,0
"
"3387,CONTAINER,31,31,84.85,23.60,2.37,0
"
"3387,CONTAINER,32,32,84.77,23.60,2.36,0
"
"3387,CONTAINER,33,33,85.11,23.60,2.68,0
"
"3387,CONTAINER,34,34,85.11,23.60,2.13,0
"
"3387,CONTAINER,35,35,85.11,23.60,2.65,0
"
"3387,CONTAINER,36,36,85.11,23.60,2.39,0
"
"3387,CONTAINER,37,37,85.02,23.60,2.40,0
"
"3387,CONTAINER,38,38,84.85,23.60,2.27,0
"
"3387,CONTAINER,39,39,84.68,23.60,2.73,0
"
"3387,CONTAINER,40,40,84.68,23.50,1.49,0
"
"3387,CONTAINER,41,41,84.52,23.50,3.92,0
"
"3387,CONTAINER,42,42,84.35,23.50,6.98,0
"
"3387,CONTAINER,43,43,84.43,23.50,4.80,0
"
"3387,CONTAINER,44,44,84.77,23.50,4.73,0
"
"3387,CONTAINER,45,45,84.10,23.50,7.53,0
"
"3387,CONTAINER,46,46,84.77,23.50,7.73,0
"
"3387,CONTAINER,47,47,84.52,23.50,4.25,0
"
"3387,CONTAINER,48,48,84.35,23.50,7.04,0
"
"3387,CONTAINER,49,49,84.68,23.50,6.39,0
"
"3387,CONTAINER,50,50,84.60,23.50,7.20,0
"
"3387,CONTAINER,51,51,84.68,23.60,3.74,0
"
"3387,CONTAINER,52,52,84.60,23.50,3.27,0
"
"3387,CONTAINER,53,53,84.10,23.50,2.17,0
"
"3387,CONTAINER,54,54,83.84,23.50,1.99,0
"
"3387,CONTAINER,55,55,84.43,23.60,1.73,0
"
"3387,CONTAINER,56,56,84.43,23.50,2.05,0
"
"3387,CONTAINER,57,57,84.10,23.50,2.59,0
"
"3387,CONTAINER,58,58,83.76,23.60,4.99,0
"
"3387,CONTAINER,59,59,84.60,23.60,3.51,0
"
"3387,CONTAINER,60,60,85.11,23.60,2.24,0
"
"3387,CONTAINER,61,61,85.11,23.50,1.44,0
"
"3387,CONTAINER,62,62,85.61,23.50,1.28,0
"
"3387,CONTAINER,63,63,85.94,23.50,1.17,0
"
"3387,CONTAINER,64,64,85.36,23.60,1.15,0
"
"3387,CONTAINER,65,65,84.94,23.50,1.18,0
"
"3387,CONTAINER,66,66,84.26,23.60,1.12,0
"
"3387,CONTAINER,67,67,84.60,23.50,1.25,0
"
"3387,CONTAINER,68,68,85.36,23.50,1.38,0
"
"3387,CONTAINER,69,69,84.10,23.50,1.43,0
"
"3387,CONTAINER,70,70,85.02,23.50,0.94,0
"
"3387,CONTAINER,71,71,83.93,23.50,1.37,0
"
"3387,CONTAINER,72,72,85.19,23.60,1.02,0
"
"3387,CONTAINER,73,73,84.68,23.50,1.00,0
"
"3387,CONTAINER,74,74,84.77,23.50,1.10,0
"
"1003.04
"
"3387,CONTAINER,1927,99,85.36,23.50,1.39,0
"
"1003.06
"
"3387,CONTAINER,1928,100,85.19,23.50,0.95,0
"
"1003.06
"
"3387,CONTAINER,1929,101,85.19,23.50,1.40,0
"
"1003.02
"
"3387,CONTAINER,1930,102,85.52,23.50,1.40,0
"
"1003.00
"
"3387,CONTAINER,1931,103,85.69,23.50,1.12,0
"
"1003.01
"
"3387,CONTAINER,1932,104,85.61,23.50,1.35,0
"
"1002.94
"
"3387,CONTAINER,1933,105,86.19,23.50,0.86,0
"
"1003.01
"
"3387,CONTAINER,1934,106,85.61,23.50,0.89,0
"
"1002.97
"
"3387,CONTAINER,1935,107,85.94,23.50,1.10,0
"
"1002.94
"
"3387,CONTAINER,1936,108,86.19,23.50,0.92,0
"
"1003.01
"
"3387,CONTAINER,1937,109,85.61,23.50,1.36,0
"
"1003.04
"
"3387,CONTAINER,1938,110,85.36,23.50,1.33,0
"
"1003.04
"
"3387,CONTAINER,1939,111,85.36,23.50,1.13,0
"
"1003.02
"
"3387,CONTAINER,1940,112,85.52,23.50,1.32,0
"
"1003.02
"
"3387,CONTAINER,1941,113,85.52,23.50,0.87,0
"
"1003.08
"
"3387,CONTAINER,1942,114,85.02,23.50,0.89,0
"
"3387, GLIDER, 30, 224, 21.468475, 1010.674194, 24.299999, 1.728309, 274.506928, 0
"
"3387, GLIDER, 31, 225, 21.719492, 1010.643982, 24.299999, 1.764466, 274.506928, 0
"
"3387, GLIDER, 32, 226, 22.475182, 1010.553284, 24.299999, 1.763907, 274.506928, 0
"
"3387, GLIDER, 33, 227, 21.970507, 1010.613770, 24.299999, 1.764466, 274.506928, 0
"
"3387, GLIDER, 34, 228, 22.728840, 1010.523071, 24.299999, 1.763348, 274.506928, 0
"
"3387, GLIDER, 35, 229, 22.224165, 1010.583496, 24.299999, 1.750431, 274.506928, 0
"
"3387, GLIDER, 36, 230, 21.719492, 1010.643982, 24.299999, 1.763907, 274.506928, 0
"
"3387, GLIDER, 0, 1, 21.468475, 1010.674194, 24.299999, 1.765584, 274.506928, 0
"
"3387, GLIDER, 1, 2, 22.224165, 1010.583496, 24.299999, 1.747611, 274.506928, 0
"
"3387, GLIDER, 2, 3, 22.475182, 1010.553284, 24.299999, 1.766143, 274.506928, 0
"
"3387, GLIDER, 3, 4, 21.719492, 1010.643982, 24.299999, 1.764466, 274.506928, 0
"
"3387, GLIDER, 4, 5, 22.224165, 1010.583496, 24.299999, 1.763348, 274.506928, 0
"
"3387, GLIDER, 5, 6, 22.475182, 1010.553284, 24.299999, 1.763348, 274.506928, 0
"
"3387, GLIDER, 6, 7, 22.475182, 1010.553284, 24.299999, 1.764466, 274.506928, 0
"
"3387, GLIDER, 7, 8, 22.224165, 1010.583496, 24.299999, 1.765584, 274.506928, 0
"
"3387, GLIDER, 8, 9, 22.813393, 1010.513000, 24.299999, 1.765584, 274.506928, 0
"
"3387, GLIDER, 10, 1, 21.970507, 1010.613770, 24.299999, 1.764466, 274.506928, 0
"
"3387, GLIDER, 11, 2, 22.475182, 1010.553284, 24.299999, 1.765584, 274.506928, 0
"
"3387, GLIDER, 12, 3, 22.728840, 1010.523071, 24.299999, 1.763907, 274.506928, 0
"
"3387, GLIDER, 13, 4, 22.475182, 1010.553284, 24.299999, 1.768376, 274.506928, 0
"
"3387, GLIDER, 14, 5, 23.064409, 1010.482727, 24.299999, 1.765025, 274.506928, 0
"
"3387, GLIDER, 15, 6, 22.224165, 1010.583496, 24.299999, 1.763907, 274.506928, 0
"
"3387, GLIDER, 16, 7, 22.224165, 1010.583496, 24.299999, 1.765025, 274.506928, 0
"
"3387, GLIDER, 17, 8, 22.475182, 1010.553284, 24.299999, 1.763348, 274.506928, 0
"
"3387, GLIDER, 18, 9, 22.728840, 1010.523071, 24.299999, 1.765584, 274.506928, 0
"
"3387, GLIDER, 19, 10, 22.224165, 1010.583496, 24.299999, 1.765025, 274.506928, 0
"
"3387, GLIDER, 20, 11, 22.475182, 1010.553284, 24.299999, 1.765584, 274.506928, 0
"
"3387, GLIDER, 22, 1, 22.813393, 1010.513000, 24.299999, 1.763907, 274.506928, 0
"
"3387, GLIDER, 23, 2, 22.224165, 1010.583496, 24.299999, 1.748739, 274.506928, 0
"
"3387, GLIDER, 24, 3, 21.468475, 1010.674194, 24.299999, 1.763907, 274.506928, 0
"
"3387, GLIDER, 25, 4, 21.970507, 1010.613770, 24.299999, 1.765025, 274.506928, 0
"
"3387, GLIDER, 0, 1, 22.728840, 1010.523071, 24.299999, 1.765584, 274.506928, 0
"
"3387, GLIDER, 1, 2, 23.318068, 1010.452515, 24.299999, 1.765584, 274.506928, 0
"
"3387, GLIDER, 2, 3, 22.728840, 1010.523071, 24.299999, 1.766143, 274.506928, 0
"
"3387, GLIDER, 3, 4, 22.728840, 1010.523071, 24.299999, 1.765584, 274.506928, 0
"
"3387, GLIDER, 4, 5, 22.224165, 1010.583496, 24.299999, 1.764466, 274.506928, 0
"
"3387, GLIDER, 5, 6, 23.064409, 1010.482727, 24.299999, 1.764466, 274.506928, 0
"
"3387, GLIDER, 6, 7, 22.224165, 1010.583496, 24.299999, 1.764466, 274.506928, 0
"
"3387, GLIDER, 7, 8, 22.224165, 1010.583496, 24.299999, 1.764466, 274.506928, 0
"
"3387, GLIDER, 45, 2, 21.468475, 1010.674194, 24.299999, 1.766143, 274.506928, 0
"
"3387, GLIDER, 46, 3, 22.728840, 1010.523071, 24.299999, 1.764466, 274.506928, 0
"
"3387, GLIDER, 47, 4, 21.468475, 1010.674194, 24.299999, 1.764466, 274.506928, 0
"
"3387, GLIDER, 48, 5, 21.214817, 1010.704407, 24.400000, 1.737419, 274.506928, 0
"
"3387, GLIDER, 49, 6, 20.963800, 1010.734680, 24.400000, 1.750995, 274.506928, 0
"
"3387, GLIDER, 50, 7, 20.963800, 1010.734680, 24.400000, 1.755497, 274.506928, 0
"
"3387, GLIDER, 51, 8, 22.728840, 1010.523071, 24.400000, 1.765584, 274.506928, 0
"
"3387, GLIDER, 52, 9, 22.224165, 1010.583496, 24.400000, 1.759987, 274.506928, 0
"
"3387, GLIDER, 53, 10, 22.728840, 1010.523071, 24.400000, 1.767260, 274.506928, 0
"
"3387, GLIDER, 54, 11, 22.728840, 1010.523071, 24.400000, 1.765584, 274.506928, 0
"
"3387, GLIDER, 55, 12, 21.719492, 1010.643982, 24.400000, 1.767818, 274.506928, 0
"
"3387, GLIDER, 56, 13, 21.970507, 1010.613770, 24.700001, 1.766143, 274.506928, 0
"
"3387, GLIDER, 57, 14, 21.719492, 1010.643982, 24.799999, 1.767260, 274.506928, 0
"
"3387, GLIDER, 58, 15, 22.139612, 1010.593567, 24.600000, 1.764466, 274.506928, 0
"
"3387, GLIDER, 59, 16, 21.214817, 1010.704407, 24.600000, 1.765025, 274.506928, 0
"
"3387, GLIDER, 60, 17, 21.214817, 1010.704407, 24.600000, 1.765584, 274.506928, 0
"
"3387, GLIDER, 61, 18, 21.468475, 1010.674194, 24.500000, 1.765025, 274.506928, 0
"
"3387, GLIDER, 62, 19, 21.468475, 1010.674194, 24.500000, 1.766143, 274.506928, 0
"
"3387, GLIDER, 63, 20, 20.205469, 1010.825317, 24.500000, 1.755497, 274.506928, 0
"
"3387, GLIDER, 64, 21, 21.970507, 1010.613770, 24.500000, 1.768376, 274.506928, 0
"
"3387, GLIDER, 65, 22, 20.710142, 1010.764893, 24.500000, 1.767260, 274.506928, 0
"
"3387, GLIDER, 66, 23, 21.719492, 1010.643982, 24.500000, 1.767260, 274.506928, 0
"
"3387, GLIDER, 67, 24, 21.970507, 1010.613770, 24.500000, 1.767260, 274.506928, 0
"
"3387, GLIDER, 68, 25, 22.475182, 1010.553284, 24.500000, 1.765584, 274.506928, 0
"
"3387, GLIDER, 69, 26, 21.970507, 1010.613770, 24.500000, 1.766143, 274.506928, 0
"
"3387, GLIDER, 70, 27, 22.224165, 1010.583496, 24.500000, 1.766702, 274.506928, 0
"
"3387, GLIDER, 71, 28, 22.813393, 1010.513000, 24.500000, 1.768376, 274.506928, 0
"
"3387, GLIDER, 72, 29, 21.468475, 1010.674194, 24.500000, 1.766702, 274.506928, 0
"
"3387, GLIDER, 73, 30, 21.214817, 1010.704407, 24.500000, 1.765584, 274.506928, 0
"
"3387, GLIDER, 74, 31, 21.214817, 1010.704407, 24.500000, 1.767260, 274.506928, 0
"
"3387, GLIDER, 75, 32, 22.393270, 1010.563354, 24.500000, 1.764466, 274.506928, 0
"
"3387, GLIDER, 76, 33, 21.468475, 1010.674194, 24.600000, 1.758866, 274.506928, 0
"
"3387, GLIDER, 77, 34, 21.468475, 1010.674194, 24.600000, 1.766143, 274.506928, 0
"
"3387, GLIDER, 78, 35, 21.468475, 1010.674194, 24.600000, 1.765025, 274.506928, 0
"
"3387, GLIDER, 79, 36, 21.719492, 1010.643982, 24.600000, 1.766702, 274.506928, 0
"
"3387, GLIDER, 80, 37, 21.970507, 1010.613770, 24.600000, 1.767260, 274.506928, 0
"
"3387, GLIDER, 81, 38, 20.459127, 1010.795105, 24.600000, 1.769492, 274.506928, 0
"
"3387, GLIDER, 82, 39, 21.970507, 1010.613770, 24.600000, 1.767260, 274.506928, 0
"
"3387, GLIDER, 83, 40, 21.970507, 1010.613770, 24.600000, 1.764466, 274.506928, 0
"
"3387, GLIDER, 84, 41, 21.970507, 1010.613770, 24.600000, 1.767260, 274.506928, 0
"
"3387, GLIDER, 85, 42, 21.468475, 1010.674194, 24.600000, 1.765584, 274.506928, 0
"
"3387, GLIDER, 86, 43, 21.468475, 1010.674194, 24.600000, 1.766702, 274.506928, 0
"
"3387, GLIDER, 87, 44, 21.214817, 1010.704407, 24.600000, 1.767260, 274.506928, 0
"
"3387, GLIDER, 88, 45, 21.970507, 1010.613770, 24.600000, 1.765584, 274.506928, 0
"
"3387, GLIDER, 89, 46, 21.468475, 1010.674194, 24.600000, 1.766702, 274.506928, 0
"
"3387, GLIDER, 90, 47, 21.970507, 1010.613770, 24.600000, 1.765584, 274.506928, 0
"
"3387, GLIDER, 91, 48, 21.970507, 1010.613770, 24.600000, 1.771721, 274.506928, 0
"
"3387, GLIDER, 92, 49, 21.719492, 1010.643982, 24.600000, 1.767260, 274.506928, 0
"
"3387, GLIDER, 93, 50, 21.970507, 1010.613770, 24.600000, 1.766143, 274.506928, 0
"
"3387, GLIDER, 94, 51, 20.459127, 1010.795105, 24.600000, 1.765584, 274.506928, 0
"
"3387, GLIDER, 95, 52, 20.963800, 1010.734680, 24.600000, 1.766143, 274.506928, 0
"
"3387, GLIDER, 96, 53, 20.459127, 1010.795105, 24.600000, 1.767818, 274.506928, 0
"
"3387, GLIDER, 97, 54, 21.468475, 1010.674194, 24.600000, 1.766143, 274.506928, 0
"
"3387, GLIDER, 98, 55, 20.459127, 1010.795105, 24.799999, 1.766702, 274.506928, 0
"
"3387, GLIDER, 99, 56, 20.710142, 1010.764893, 25.000000, 1.765584, 274.506928, 0
"
"3387, GLIDER, 100, 57, 21.383923, 1010.684265, 25.200001, 1.766702, 274.506928, 0
"
"3387, GLIDER, 101, 58, 21.634939, 1010.654053, 25.299999, 1.766702, 274.506928, 0
"
"3387, GLIDER, 102, 59, 20.879248, 1010.744751, 25.400000, 1.767818, 274.506928, 0
"
"3387, GLIDER, 103, 60, 21.130264, 1010.714539, 25.500000, 1.757182, 274.506928, 0
"
"3387, GLIDER, 104, 61, 20.205469, 1010.825317, 25.600000, 1.768376, 274.506928, 0
"
"3387, GLIDER, 105, 62, 20.625589, 1010.774963, 25.600000, 1.766702, 274.506928, 0
"
"3387, GLIDER, 106, 63, 19.954453, 1010.855591, 25.700001, 1.767260, 274.506928, 0
"
"3387, GLIDER, 107, 64, 20.625589, 1010.774963, 25.700001, 1.767260, 274.506928, 0
"
"3387, GLIDER, 108, 65, 20.625589, 1010.774963, 25.700001, 1.767260, 274.506928, 0
"
"3387, GLIDER, 109, 66, 20.625589, 1010.774963, 25.799999, 1.767260, 274.506928, 0
"
"3387, GLIDER, 110, 67, 20.123558, 1010.835449, 25.799999, 1.767260, 274.506928, 0
"
"3387, GLIDER, 111, 68, 20.374575, 1010.805176, 25.799999, 1.757744, 274.506928, 0
"
"3387, GLIDER, 112, 69, 20.123558, 1010.835449, 25.900000, 1.768376, 274.506928, 0
"
"3387, GLIDER, 113, 70, 20.123558, 1010.835449, 25.900000, 1.766702, 274.506928, 0
"
"3387, GLIDER, 114, 71, 19.869900, 1010.865662, 25.900000, 1.766702, 274.506928, 0
"
"3387, GLIDER, 115, 72, 20.625589, 1010.774963, 25.900000, 1.767260, 274.506928, 0
"
"3387, GLIDER, 116, 73, 20.123558, 1010.835449, 26.000000, 1.767260, 274.506928, 0
"
"3387, GLIDER, 117, 74, 20.625589, 1010.774963, 26.000000, 1.753247, 274.506928, 0
"
"3387, GLIDER, 118, 75, 19.869900, 1010.865662, 26.000000, 1.754935, 274.506928, 0
"
"3387, GLIDER, 119, 76, 19.869900, 1010.865662, 26.000000, 1.767260, 274.506928, 0
"
"3387, GLIDER, 120, 77, 18.778641, 1010.996643, 26.000000, 1.767260, 274.506928, 0
"
"3387, GLIDER, 121, 78, 20.625589, 1010.774963, 26.000000, 1.766702, 274.506928, 0
"
"3387, GLIDER, 122, 79, 20.374575, 1010.805176, 26.100000, 1.767818, 274.506928, 0
"
"3387, GLIDER, 123, 80, 20.879248, 1010.744751, 26.100000, 1.767260, 274.506928, 0
"
"3387, GLIDER, 124, 81, 19.618883, 1010.895874, 26.100000, 1.765584, 274.506928, 0
"
"3387, GLIDER, 125, 82, 20.374575, 1010.805176, 26.100000, 1.767818, 274.506928, 0
"
"3387, GLIDER, 126, 83, 20.374575, 1010.805176, 26.100000, 1.767260, 274.506928, 0
"
"3387, GLIDER, 127, 84, 19.869900, 1010.865662, 26.100000, 1.769492, 274.506928, 0
"
"3387, GLIDER, 128, 85, 20.123558, 1010.835449, 26.100000, 1.767818, 274.506928, 0
"
"3387, GLIDER, 129, 86, 26.932697, 1010.019226, 26.200001, 1.766702, 274.506928, 0
"
"3387, GLIDER, 130, 87, 21.130264, 1010.714539, 26.000000, 1.767818, 274.506928, 0
"
"3387, GLIDER, 131, 88, 21.383923, 1010.684265, 26.000000, 1.767818, 274.506928, 0
"
"3387, GLIDER, 132, 89, 20.879248, 1010.744751, 25.900000, 1.768934, 274.506928, 0
"
"3387, GLIDER, 133, 90, 20.625589, 1010.774963, 25.900000, 1.767818, 274.506928, 0
"
"3387, GLIDER, 134, 91, 20.879248, 1010.744751, 25.900000, 1.767260, 274.506928, 0
"
"3387, GLIDER, 135, 92, 20.879248, 1010.744751, 25.799999, 1.767818, 274.506928, 0
"
"3387, GLIDER, 136, 93, 21.130264, 1010.714539, 25.799999, 1.767260, 274.506928, 0
"
"3387, GLIDER, 137, 94, 21.888597, 1010.623840, 25.799999, 1.761668, 274.506928, 0
"
"3387, GLIDER, 138, 95, 21.383923, 1010.684265, 25.700001, 1.753247, 274.506928, 0
"
"3387, GLIDER, 139, 96, 21.634939, 1010.654053, 25.700001, 1.766702, 274.506928, 0
"
"3387, GLIDER, 140, 97, 21.130264, 1010.714539, 25.700001, 1.766702, 274.506928, 0
"
"3387, GLIDER, 141, 98, 20.625589, 1010.774963, 25.700001, 1.766702, 274.506928, 0
"
"3387, GLIDER, 142, 99, 20.879248, 1010.744751, 25.700001, 1.766143, 274.506928, 0
"
"3387, GLIDER, 143, 100, 21.130264, 1010.714539, 25.700001, 1.768934, 274.506928, 0
"
"3387, GLIDER, 144, 101, 21.634939, 1010.654053, 25.600000, 1.755497, 274.506928, 0
"
"3387, GLIDER, 145, 102, 21.130264, 1010.714539, 25.600000, 1.766143, 274.506928, 0
"
"3387, GLIDER, 146, 103, 22.393270, 1010.563354, 25.600000, 1.766143, 274.506928, 0
"
"3387, GLIDER, 147, 104, 23.233515, 1010.462585, 25.600000, 1.767260, 274.506928, 0
"
"3387, GLIDER, 148, 105, 21.634939, 1010.654053, 25.600000, 1.768376, 274.506928, 0
"
"3387, GLIDER, 150, 1, 22.644287, 1010.533142, 25.500000, 1.764466, 274.506928, 0
"
"3387, GLIDER, 151, 2, 22.813393, 1010.513000, 25.600000, 1.766702, 274.506928, 0
"
"3387, GLIDER, 152, 3, 22.644287, 1010.533142, 25.600000, 1.767260, 274.506928, 0
"
"3387, GLIDER, 152, 4, 22.813393, 1010.513000, 25.600000, 1.765584, 274.506928, 0
"
"3387, GLIDER, 153, 5, 21.634939, 1010.654053, 25.600000, 1.766143, 274.506928, 0
"
"3387, GLIDER, 153, 6, 22.139612, 1010.593567, 25.600000, 1.766143, 274.506928, 0
"
"3387, GLIDER, 154, 7, 22.393270, 1010.563354, 25.600000, 1.765584, 274.506928, 0
"
"3387, GLIDER, 155, 8, 22.644287, 1010.533142, 25.500000, 1.767260, 274.506928, 0
"
"3387, GLIDER, 156, 9, 22.139612, 1010.593567, 25.500000, 1.766143, 274.506928, 0
"
"3387, GLIDER, 157, 10, 22.644287, 1010.533142, 25.500000, 1.766702, 274.506928, 0
"
"3387, GLIDER, 158, 11, 22.813393, 1010.513000, 25.500000, 1.766143, 274.506928, 0
"
"3387, GLIDER, 159, 12, 22.644287, 1010.533142, 25.500000, 1.767818, 274.506928, 0
"
"3387, GLIDER, 160, 13, 22.813393, 1010.513000, 25.500000, 1.766702, 274.506928, 0
"
"3387, GLIDER, 161, 14, 23.064409, 1010.482727, 25.400000, 1.768376, 274.506928, 0
"
"3387, GLIDER, 162, 15, 21.888597, 1010.623840, 25.400000, 1.768376, 274.506928, 0
"
"3387, GLIDER, 163, 16, 21.634939, 1010.654053, 25.400000, 1.766702, 274.506928, 0
"
"3387, GLIDER, 164, 17, 22.139612, 1010.593567, 25.400000, 1.768934, 274.506928, 0
"
"3387, GLIDER, 165, 18, 22.139612, 1010.593567, 25.400000, 1.766702, 274.506928, 0
"
"3387, GLIDER, 166, 19, 22.139612, 1010.593567, 25.299999, 1.750995, 274.506928, 0
"
"3387, GLIDER, -46, 18, 23.064409, 1010.482727, 24.299999, 1.764466, 271.555207, 0
"
"3387, GLIDER, -45, 19, 21.719492, 1010.643982, 24.299999, 1.764466, 271.555207, 0
"
"3387, GLIDER, -44, 20, 22.224165, 1010.583496, 24.299999, 1.765025, 271.555ò"
"3387, GLIDER, -41, 1, 21.719492, 1010.643982, 24.299999, 1.763907, 271.555207, 0
"
"3387, GLIDER, -40, 2, 21.719492, 1010.643982, 24.299999, 1.765584, 271.555207, 0
"
"3387, GLIDER, -39, 3, 22.224165, 1010.583496, 24.299999, 1.763907, 271.555207, 0
"
"3387, GLIDER, -38, 4, 22.475182, 1010.553284, 24.299999, 1.763907, 271.555207, 0
"
"3387, GLIDER, -37, 5, 21.970507, 1010.613770, 24.299999, 1.763907, 271.555207, 0
"
"3387, GLIDER, -36, 6, 23.064409, 1010.482727, 24.299999, 1.764466, 271.555207, 0
"
"3387, GLIDER, -35, 7, 22.813393, 1010.513000, 24.299999, 1.764466, 271.555207, 0
"
"3387, GLIDER, -34, 8, 22.728840, 1010.523071, 24.299999, 1.763348, 271.555207, 0
"
"3387, GLIDER, -33, 9, 22.728840, 1010.523071, 24.299999, 1.765025, 271.555207, 0
"
"3387, GLIDER, -32, 10, 23.064409, 1010.482727, 24.299999, 1.763907, 271.555207, 0
"
"3387, GLIDER, -31, 11, 22.475182, 1010.553284, 24.299999, 1.763907, 271.555207, 0
"
"3387, GLIDER, -30, 12, 22.475182, 1010.553284, 24.299999, 1.765025, 271.555207, 0
"
"3387, GLIDER, 1, 1, 22.813393, 1010.513000, 24.299999, 1.763348, 271.555207, 0
"
"3387, GLIDER, 2, 2, 22.224165, 1010.583496, 24.299999, 1.763348, 271.555207, 0
"
"3387, GLIDER, 3, 3, 22.475182, 1010.553284, 24.299999, 1.764466, 271.555207, 0
"
"3387, GLIDER, 4, 4, 22.475182, 1010.553284, 24.299999, 1.765025, 271.555207, 0
"
"3387, GLIDER, 5, 5, 22.475182, 1010.553284, 24.299999, 1.765584, 271.555207, 0
"
"3387, GLIDER, -553648087, 1, 22.728840, 1010.523071, 24.299999, 1.764466, 271.555207, 0
"
"3387, GLIDER, -553648086, 2, 22.224165, 1010.583496, 24.299999, 1.764466, 271.555207, 0
"
"3387, GLIDER, -553648085, 3, 21.970507, 1010.613770, 24.299999, 1.763907, 271.555207, 0
"
"3387, GLIDER, -553648084, 4, 22.475182, 1010.553284, 24.299999, 1.763907, 271.555207, 0
"
"3387, GLIDER, -553648083, 5, 22.224165, 1010.583496, 24.299999, 1.763348, 271.555207, 0
"
"3387, GLIDER, -553648082, 6, 22.475182, 1010.553284, 24.299999, 1.763348, 271.555207, 0
"
"3387, GLIDER, -553648081, 7, 22.475182, 1010.553284, 24.299999, 1.764466, 271.555207, 0
"
"3387, GLIDER, -553648080, 8, 22.475182, 1010.553284, 24.299999, 1.765025, 271.555207, 0
"
"3387, GLIDER, -553648079, 9, 22.224165, 1010.583496, 24.299999, 1.764466, 271.555207, 0
"
"3387, GLIDER, -553648078, 10, 22.224165, 1010.583496, 24.299999, 1.754935, 271.555207, 0
"
"3387, GLIDER, -553648077, 11, 22.475182, 1010.553284, 24.299999, 1.764466, 271.555207, 0
"
"3387, GLIDER, -553648076, 12, 21.970507, 1010.613770, 24.299999, 1.764466, 271.555207, 0
"
"3387, GLIDER, -553648075, 13, 21.970507, 1010.613770, 24.299999, 1.763907, 271.555207, 0
"
"3387, GLIDER, -553648074, 14, 22.224165, 1010.583496, 24.299999, 1.764466, 271.555207, 0
"
"3387, GLIDER, -553648073, 15, 21.719492, 1010.643982, 24.299999, 1.766143, 271.555207, 0
"
"3387, GLIDER, -553648072, 16, 22.475182, 1010.553284, 24.299999, 1.763348, 271.555207, 0
"
"3387, GLIDER, -553648070, 16, 22.475182, 1010.553284, 24.200001, 1.765025, 271.555207, 0
"
"3387, GLIDER, -553648069, 17, 21.970507, 1010.613770, 24.200001, 1.749304, 271.555207, 0
"
"3387, GLIDER, -553648068, 18, 21.468475, 1010.674194, 24.299999, 1.765584, 271.555207, 0
"
"3387, GLIDER, -553648067, 19, 21.970507, 1010.613770, 24.299999, 1.764466, 271.555207, 0
"
"3387, GLIDER, -553648066, 20, 22.813393, 1010.513000, 24.299999, 1.765584, 271.555207, 0
"
"3387, GLIDER, 0, 1, 22.224165, 1010.583496, 24.200001, 1.765025, 271.555207, 0
"
"3387, GLIDER, 1, 2, 22.475182, 1010.553284, 24.299999, 1.765025, 271.555207, 0
"
"3387, GLIDER, 2, 3, 22.813393, 1010.513000, 24.299999, 1.765025, 271.555207, 0
"
"3387, GLIDER, 3, 4, 22.475182, 1010.553284, 24.299999, 1.763907, 271.555207, 0
"
"3387, GLIDER, 4, 5, 22.813393, 1010.513000, 24.200001, 1.765025, 271.555207, 0
"
"3387, GLIDER, 5, 6, 21.719492, 1010.643982, 24.200001, 1.762788, 271.555207, 0
"
"3387, GLIDER, 6, 7, 21.468475, 1010.674194, 24.299999, 1.765025, 271.555207, 0
"
"3387, GLIDER, 8, 7, 21.719492, 1010.643982, 24.200001, 1.765025, 271.555207, 0
"
"3387, GLIDER, 9, 8, 21.214817, 1010.704407, 24.299999, 1.765025, 271.555207, 0
"
"3387, GLIDER, 10, 9, 21.468475, 1010.674194, 24.299999, 1.765584, 271.555207, 0
"
"3387, GLIDER, 11, 10, 20.963800, 1010.734680, 24.299999, 1.765025, 271.555207, 0
"
"3387, GLIDER, 12, 11, 21.468475, 1010.674194, 24.299999, 1.764466, 271.555207, 0
"
"3387, GLIDER, 13, 12, 21.468475, 1010.674194, 24.299999, 1.764466, 271.555207, 0
"
"3387, GLIDER, 14, 13, 22.224165, 1010.583496, 24.200001, 1.766702, 271.555207, 0
"
"3387, GLIDER, 15, 14, 22.813393, 1010.513000, 24.200001, 1.763907, 271.555207, 0
"
"3387, GLIDER, 16, 15, 22.728840, 1010.523071, 24.200001, 1.764466, 271.555207, 0
"
"3387, GLIDER, 17, 16, 20.963800, 1010.734680, 24.299999, 1.765025, 271.555207, 0
"
"3387, GLIDER, 18, 17, 21.970507, 1010.613770, 24.299999, 1.764466, 271.555207, 0
"
"3387, GLIDER, 19, 18, 22.224165, 1010.583496, 24.299999, 1.763907, 271.555207, 0
"
"3387, GLIDER, -63, 24, -14.030475, 1014.936462, 22.200001, 1.802123, 286.527528, 0
"
"3387, GLIDER, -62, 25, -13.274784, 1014.845764, 22.200001, 1.797738, 286.527528, 0
"
"3387, GLIDER, -61, 26, -14.532507, 1014.996887, 22.200001, 1.799932, 286.527528, 0
"
"3387, GLIDER, -60, 27, -14.532507, 1014.996887, 22.200001, 1.800480, 286.527528, 0
"
"3387, GLIDER, -59, 28, -14.284133, 1014.966675, 22.200001, 1.797738, 286.527528, 0
"
"3387, GLIDER, -58, 29, -14.284133, 1014.966675, 22.200001, 1.797189, 286.527528, 0
"
"3387, GLIDER, -57, 30, -14.030475, 1014.936462, 22.200001, 1.797189, 286.527528, 0
"
"3387, GLIDER, -56, 31, -13.776816, 1014.906189, 22.200001, 1.794408, 286.527528, 0
"
"3387, GLIDER, -55, 32, -14.030475, 1014.936462, 22.200001, 1.794958, 286.527528, 0
"
"3387, GLIDER, -54, 33, -14.030475, 1014.936462, 22.200001, 1.809227, 286.527528, 0
"
"3387, GLIDER, -53, 34, -14.284133, 1014.966675, 22.200001, 1.792757, 286.527528, 0
"
"3387, GLIDER, -52, 35, -12.608931, 1014.765137, 22.200001, 1.790555, 286.527528, 0
"
"3387, GLIDER, -51, 36, -14.532507, 1014.996887, 22.200001, 1.798835, 286.527528, 0
"
"3387, GLIDER, -50, 37, -14.030475, 1014.936462, 22.200001, 1.795507, 286.527528, 0
"
"3387, GLIDER, -49, 38, -14.786165, 1015.027100, 22.200001, 1.793308, 286.527528, 0
"
"3387, GLIDER, -48, 39, -14.030475, 1014.936462, 22.200001, 1.790555, 286.527528, 0
"
"3387, GLIDER, -47, 40, -14.532507, 1014.996887, 22.200001, 1.787797, 286.527528, 0
"
"3387, GLIDER, -46, 41, -14.284133, 1014.966675, 22.200001, 1.788901, 286.527528, 0
"
"3387, GLIDER, -45, 42, -14.284133, 1014.966675, 22.200001, 1.787246, 286.527528, 0
"
"3387, GLIDER, -44, 43, -13.528442, 1014.875977, 22.100000, 1.789452, 286.527528, 0
"
"3387, GLIDER, -43, 44, -14.030475, 1014.936462, 22.100000, 1.786693, 286.527528, 0
"
"3387, GLIDER, -42, 45, -14.284133, 1014.966675, 22.200001, 1.786693, 286.527528, 0
"
"3387, GLIDER, -41, 46, -14.284133, 1014.966675, 22.200001, 1.786141, 286.527528, 0
"
"3387, GLIDER, -40, 47, -15.457302, 1015.107727, 22.200001, 1.786141, 286.527528, 0
"
"3387, GLIDER, -39, 48, -14.786165, 1015.027100, 22.200001, 1.786141, 286.527528, 0
"
"3387, GLIDER, -38, 49, -14.532507, 1014.996887, 22.200001, 1.786693, 286.527528, 0
"
"3387, GLIDER, -37, 50, -14.030475, 1014.936462, 22.200001, 1.787246, 286.527528, 0
"
"3387, GLIDER, -36, 51, -14.955271, 1015.047302, 22.200001, 1.788349, 286.527528, 0
"
"3387, GLIDER, -35, 52, -14.786165, 1015.027100, 22.200001, 1.786141, 286.527528, 0
"
"3387, GLIDER, -34, 53, -14.284133, 1014.966675, 22.200001, 1.786693, 286.527528, 0
"
"3387, GLIDER, -33, 54, -14.284133, 1014.966675, 22.200001, 1.786141, 286.527528, 0
"
"3387, GLIDER, -32, 55, -14.532507, 1014.996887, 22.200001, 1.785036, 286.527528, 0
"
"3387, GLIDER, -31, 56, -15.034538, 1015.057373, 22.200001, 1.786693, 286.527528, 0
"
"3387, GLIDER, -30, 57, -14.284133, 1014.966675, 22.200001, 1.785589, 286.527528, 0
"
"3387, GLIDER, -29, 58, -14.532507, 1014.996887, 22.200001, 1.785589, 286.527528, 0
"
"3387, GLIDER, -28, 59, -14.532507, 1014.996887, 22.200001, 1.785589, 286.527528, 0
"
"3387, GLIDER, -27, 60, -14.786165, 1015.027100, 22.200001, 1.785589, 286.527528, 0
"
"3387, GLIDER, -26, 61, -13.528442, 1014.875977, 22.200001, 1.786141, 286.527528, 0
"
"3387, GLIDER, -25, 62, -14.532507, 1014.996887, 22.200001, 1.785036, 286.527528, 0
"
"3387, GLIDER, -24, 63, -13.528442, 1014.875977, 22.200001, 1.784483, 286.527528, 0
"
"3387, GLIDER, -23, 64, -14.030475, 1014.936462, 22.200001, 1.785589, 286.527528, 0
"
"3387, GLIDER, -22, 65, -13.528442, 1014.875977, 22.200001, 1.784483, 286.527528, 0
"
"3387, GLIDER, -21, 66, -14.786165, 1015.027100, 22.200001, 1.785589, 286.527528, 0
"
"3387, GLIDER, -20, 67, -14.030475, 1014.936462, 22.100000, 1.785036, 286.527528, 0
"
"3387, GLIDER, -19, 68, -14.030475, 1014.936462, 22.100000, 1.786693, 286.527528, 0
"
"3387, GLIDER, -18, 69, -14.532507, 1014.996887, 22.200001, 1.785589, 286.527528, 0
"
"3387, GLIDER, -17, 70, -14.786165, 1015.027100, 22.200001, 1.786141, 286.527528, 0
"
"3387, GLIDER, -16, 71, -13.776816, 1014.906189, 22.100000, 1.785036, 286.527528, 0
"
"3387, GLIDER, -15, 72, -14.030475, 1014.936462, 22.100000, 1.779500, 286.527528, 0
"
"3387, GLIDER, -14, 73, -14.284133, 1014.966675, 22.100000, 1.787246, 286.527528, 0
"
"3387, GLIDER, -13, 74, -14.030475, 1014.936462, 22.100000, 1.785589, 286.527528, 0
"
"3387, GLIDER, -12, 75, -14.532507, 1014.996887, 22.100000, 1.785036, 286.527528, 0
"
"3387, GLIDER, 16, 75, -14.532507, 1014.996887, 22.000000, 1.786693, 286.527528, 0
"
"3387, GLIDER, 17, 76, -13.528442, 1014.875977, 22.100000, 1.785036, 286.527528, 0
"
"3387, GLIDER, 18, 77, -14.030475, 1014.936462, 22.100000, 1.785589, 286.527528, 0
"
"3387, GLIDER, 19, 78, -13.776816, 1014.906189, 22.100000, 1.786693, 286.527528, 0
"
"3387, GLIDER, 20, 79, -14.532507, 1014.996887, 22.100000, 1.785036, 286.527528, 0
"
"3387, GLIDER, 21, 80, -14.786165, 1015.027100, 22.100000, 1.786693, 286.527528, 0
"
"3387, GLIDER, 22, 81, -14.532507, 1014.996887, 22.100000, 1.785036, 286.527528, 0
"
"3387, GLIDER, 23, 82, -14.701612, 1015.017029, 22.100000, 1.785589, 286.527528, 0
"
"3387, GLIDER, 24, 83, -14.030475, 1014.936462, 22.100000, 1.785589, 286.527528, 0
"
"3387, GLIDER, 25, 84, -14.284133, 1014.966675, 22.100000, 1.785589, 286.527528, 0
"
"3387, GLIDER, 26, 85, -14.030475, 1014.936462, 22.100000, 1.785589, 286.527528, 0
"
"3387, GLIDER, 27, 86, -14.030475, 1014.936462, 22.100000, 1.785036, 286.527528, 0
"
"3387, GLIDER, 28, 87, -14.786165, 1015.027100, 22.100000, 1.786141, 286.527528, 0
"
"3387, GLIDER, 29, 88, -15.203644, 1015.077515, 22.100000, 1.786141, 286.527528, 0
"
"3387, GLIDER, 30, 89, -15.203644, 1015.077515, 22.100000, 1.785036, 286.527528, 0
"
"3387, GLIDER, 31, 90, -14.955271, 1015.047302, 22.100000, 1.785589, 286.527528, 0
"
"3387, GLIDER, 32, 91, -14.955271, 1015.047302, 22.100000, 1.785036, 286.527528, 0
"
"3387, GLIDER, 33, 92, -13.776816, 1014.906189, 22.100000, 1.786141, 286.527528, 0
"
"3387, GLIDER, 34, 93, -15.203644, 1015.077515, 22.100000, 1.785036, 286.527528, 0
"
"3387, GLIDER, 35, 94, -14.532507, 1014.996887, 22.100000, 1.786693, 286.527528, 0
"
"3387, GLIDER, 36, 95, -13.776816, 1014.906189, 22.100000, 1.785036, 286.527528, 0
"
"3387, GLIDER, 37, 96, -14.284133, 1014.966675, 22.100000, 1.785036, 286.527528, 0
"
"3387, GLIDER, 38, 97, -13.776816, 1014.906189, 22.100000, 1.784483, 286.527528, 0
"
"3387, GLIDER, 39, 98, -14.532507, 1014.996887, 22.100000, 1.786141, 286.527528, 0
"
"3387, GLIDER, 40, 99, -14.284133, 1014.966675, 22.100000, 1.784483, 286.527528, 0
"
"3387, GLIDER, 41, 100, -13.776816, 1014.906189, 22.100000, 1.783377, 286.527528, 0
"
"3387, GLIDER, 42, 101, -14.532507, 1014.996887, 22.100000, 1.785036, 286.527528, 0
"
"3387, GLIDER, 43, 102, -14.532507, 1014.996887, 22.100000, 1.784483, 286.527528, 0
"
"3387, GLIDER, 44, 103, -14.955271, 1015.047302, 22.100000, 1.785036, 286.527528, 0
"
"3387, GLIDER, 45, 104, -14.532507, 1014.996887, 22.100000, 1.783377, 286.527528, 0
"
"3387, GLIDER, 46, 105, -14.284133, 1014.966675, 22.100000, 1.785036, 286.527528, 0
"
"3387, GLIDER, 47, 106, -13.776816, 1014.906189, 22.100000, 1.784483, 286.527528, 0
"
"3387, GLIDER, 48, 107, -14.030475, 1014.936462, 22.100000, 1.784483, 286.527528, 0
"
"3387, GLIDER, 49, 108, -14.955271, 1015.047302, 22.100000, 1.785589, 286.527528, 0
"
"3387, GLIDER, 50, 109, -14.532507, 1014.996887, 22.100000, 1.785036, 286.527528, 0
"
"3387, GLIDER, 51, 110, -13.776816, 1014.906189, 22.100000, 1.783377, 286.527528, 0
"
"3387, GLIDER, 52, 111, -14.701612, 1015.017029, 22.100000, 1.784483, 286.527528, 0
"
"3387, GLIDER, 53, 112, -14.030475, 1014.936462, 22.100000, 1.783930, 286.527528, 0
"
"3387, GLIDER, 54, 113, -14.284133, 1014.966675, 22.100000, 1.784483, 286.527528, 0
"
"3387, GLIDER, 55, 114, -13.776816, 1014.906189, 22.100000, 1.783377, 286.527528, 0
"
"3387, GLIDER, 56, 115, -14.532507, 1014.996887, 22.100000, 1.782270, 286.527528, 0
"
"3387, GLIDER, 57, 116, -14.284133, 1014.966675, 22.100000, 1.782270, 286.527528, 0
"
"3387, GLIDER, 58, 117, -14.955271, 1015.047302, 22.100000, 1.783377, 286.527528, 0
"
"3387, GLIDER, 59, 118, -14.532507, 1014.996887, 22.100000, 1.785036, 286.527528, 0
"
"3387, GLIDER, 60, 119, -14.955271, 1015.047302, 22.100000, 1.784483, 286.527528, 0
"
"3387, GLIDER, 61, 120, -14.532507, 1014.996887, 22.100000, 1.783377, 286.527528, 0
"
"3387, GLIDER, 62, 121, -14.955271, 1015.047302, 22.100000, 1.783377, 286.527528, 0
"
"3387, GLIDER, 63, 122, -14.955271, 1015.047302, 22.100000, 1.774503, 286.527528, 0
"
"3387, GLIDER, 64, 123, -14.532507, 1014.996887, 22.100000, 1.784483, 286.527528, 0
"
"3387, GLIDER, 65, 124, -15.203644, 1015.077515, 22.100000, 1.781716, 286.527528, 0
"
"3387, GLIDER, 66, 125, -14.030475, 1014.936462, 22.100000, 1.783377, 286.527528, 0
"
"3387, GLIDER, 67, 126, -14.284133, 1014.966675, 22.100000, 1.772834, 286.527528, 0
"
"3387, GLIDER, 68, 127, -14.532507, 1014.996887, 22.100000, 1.784483, 286.527528, 0
"
"3387, GLIDER, 69, 128, -14.532507, 1014.996887, 22.100000, 1.771164, 286.527528, 0
"
"3387, GLIDER, 70, 129, -14.955271, 1015.047302, 22.100000, 1.783930, 286.527528, 0
"
"3387, GLIDER, 71, 130, -14.284133, 1014.966675, 22.100000, 1.773391, 286.527528, 0
"
"3387, GLIDER, 72, 131, -14.701612, 1015.017029, 22.100000, 1.785036, 286.527528, 0
"
"3387, GLIDER, 73, 132, -14.030475, 1014.936462, 22.100000, 1.774503, 286.527528, 0
"
"3387, GLIDER, 74, 133, -14.532507, 1014.996887, 22.100000, 1.784483, 286.527528, 0
"
"3387, GLIDER, 75, 134, -14.030475, 1014.936462, 22.100000, 1.785036, 286.527528, 0
"
"3387, GLIDER, 76, 135, -14.284133, 1014.966675, 22.100000, 1.783377, 286.527528, 0
"
"3387, GLIDER, 77, 136, -14.955271, 1015.047302, 22.100000, 1.775615, 286.527528, 0
"
"3387, GLIDER, 78, 137, -15.203644, 1015.077515, 22.100000, 1.784483, 286.527528, 0
"
"3387, GLIDER, 79, 138, -14.532507, 1014.996887, 22.100000, 1.785036, 286.527528, 0
"
"3387, GLIDER, 80, 139, -14.284133, 1014.966675, 22.100000, 1.783930, 286.527528, 0
"
"3387, GLIDER, 81, 140, -14.284133, 1014.966675, 22.100000, 1.784483, 286.527528, 0
"
"3387, GLIDER, 82, 141, -14.532507, 1014.996887, 22.100000, 1.783377, 286.527528, 0
"
"3387, GLIDER, 83, 142, -14.955271, 1015.047302, 22.200001, 1.784483, 286.527528, 0
"
"3387, GLIDER, 84, 143, -14.532507, 1014.996887, 22.200001, 1.783377, 286.527528, 0
"
"3387, GLIDER, 85, 144, -15.959334, 1015.168213, 22.200001, 1.784483, 286.527528, 0
"
"3387, GLIDER, 86, 145, -14.532507, 1014.996887, 22.200001, 1.784483, 286.527528, 0
"
"3387, GLIDER, 87, 146, -15.705676, 1015.137939, 22.200001, 1.785589, 286.527528, 0
"
"3387, GLIDER, 88, 147, -15.034538, 1015.057373, 22.200001, 1.785589, 286.527528, 0
"
"3387, GLIDER, 89, 148, -15.034538, 1015.057373, 22.200001, 1.783377, 286.527528, 0
"
"3387, GLIDER, 90, 149, -15.203644, 1015.077515, 22.200001, 1.784483, 286.527528, 0
"
"3387, GLIDER, 91, 150, -15.203644, 1015.077515, 22.200001, 1.785036, 286.527528, 0
"
"3387, GLIDER, 92, 151, -15.457302, 1015.107727, 22.200001, 1.776170, 286.527528, 0
"
"3387, GLIDER, 93, 152, -15.203644, 1015.077515, 22.200001, 1.783930, 286.527528, 0
"
"3387, GLIDER, 94, 153, -15.959334, 1015.168213, 22.200001, 1.785589, 286.527528, 0
"
"3387, GLIDER, 95, 154, -14.786165, 1015.027100, 22.200001, 1.783377, 286.527528, 0
"
"3387, GLIDER, 96, 155, -15.288197, 1015.087585, 22.200001, 1.785036, 286.527528, 0
"
"3387, GLIDER, 97, 156, -15.457302, 1015.107727, 22.200001, 1.785036, 286.527528, 0
"
"3387, GLIDER, 98, 157, -15.034538, 1015.057373, 22.200001, 1.786141, 286.527528, 0
"
"3387, GLIDER, 99, 158, -14.786165, 1015.027100, 22.299999, 1.786141, 286.527528, 0
"
"3387, GLIDER, 100, 159, -14.786165, 1015.027100, 22.299999, 1.785036, 286.527528, 0
"
"3387, GLIDER, 101, 160, -15.034538, 1015.057373, 22.299999, 1.786141, 286.527528, 0
"
"3387, GLIDER, 102, 161, -14.786165, 1015.027100, 22.299999, 1.784483, 286.527528, 0
"
"3387, GLIDER, 103, 162, -15.288197, 1015.087585, 22.299999, 1.785036, 286.527528, 0
"
"3387, GLIDER, 104, 163, -14.786165, 1015.027100, 22.299999, 1.786141, 286.527528, 0
"
"3387, GLIDER, 105, 164, -14.284133, 1014.966675, 22.299999, 1.786141, 286.527528, 0
"
"3387, GLIDER, 106, 165, -14.532507, 1014.996887, 22.299999, 1.785036, 286.527528, 0
"
"3387, GLIDER, 107, 166, -14.030475, 1014.936462, 22.299999, 1.786141, 286.527528, 0
"
"3387, GLIDER, 108, 167, -14.532507, 1014.996887, 22.299999, 1.785589, 286.527528, 0
"
"3387, GLIDER, 109, 168, -15.288197, 1015.087585, 22.299999, 1.785036, 286.527528, 0
"
"3387, GLIDER, 110, 169, -15.034538, 1015.057373, 22.299999, 1.785589, 286.527528, 0
"
"3387, GLIDER, 111, 170, -14.532507, 1014.996887, 22.299999, 1.785589, 286.527528, 0
"
"3387, GLIDER, 112, 171, -15.034538, 1015.057373, 22.299999, 1.785589, 286.527528, 0
"
"3387, GLIDER, 113, 172, -14.786165, 1015.027100, 22.299999, 1.784483, 286.527528, 0
"
"3387, GLIDER, 114, 173, -15.536571, 1015.117798, 22.299999, 1.778391, 286.527528, 0
"
"3387, GLIDER, 115, 174, -14.532507, 1014.996887, 22.299999, 1.783930, 286.527528, 0
"
"3387, GLIDER, 116, 175, -15.034538, 1015.057373, 22.299999, 1.785036, 286.527528, 0
"
"3387, GLIDER, 117, 176, -13.776816, 1014.906189, 22.299999, 1.786141, 286.527528, 0
"
"3387, GLIDER, 118, 177, -15.959334, 1015.168213, 22.400000, 1.784483, 286.527528, 0
"
"3387, GLIDER, 119, 178, -15.536571, 1015.117798, 22.400000, 1.785589, 286.527528, 0
"
"3387, GLIDER, 120, 179, -15.536571, 1015.117798, 22.400000, 1.786141, 286.527528, 0
"
"3387, GLIDER, 121, 180, -14.532507, 1014.996887, 22.400000, 1.784483, 286.527528, 0
"
"3387, GLIDER, 122, 181, -14.532507, 1014.996887, 22.400000, 1.783930, 286.527528, 0
"
"3387, GLIDER, 123, 182, -15.034538, 1015.057373, 22.400000, 1.785036, 286.527528, 0
"
"3387, GLIDER, 124, 183, -14.786165, 1015.027100, 22.400000, 1.785589, 286.527528, 0
"
"3387, GLIDER, 125, 184, -15.536571, 1015.117798, 22.400000, 1.785036, 286.527528, 0
"
"3387, GLIDER, 126, 185, -15.034538, 1015.057373, 22.400000, 1.783930, 286.527528, 0
"
"3387, GLIDER, 127, 186, -14.786165, 1015.027100, 22.400000, 1.785036, 286.527528, 0
"
"3387, GLIDER, 128, 187, -14.786165, 1015.027100, 22.400000, 1.784483, 286.527528, 0
"
"3387, GLIDER, 129, 188, -14.786165, 1015.027100, 22.400000, 1.784483, 286.527528, 0
"
"3387, GLIDER, 130, 189, -14.030475, 1014.936462, 22.400000, 1.785589, 286.527528, 0
"
"3387, GLIDER, 131, 190, -14.786165, 1015.027100, 22.400000, 1.786693, 286.527528, 0
"
"3387, GLIDER, 132, 191, -15.034538, 1015.057373, 22.400000, 1.785589, 286.527528, 0
"
"3387, GLIDER, 133, 192, -15.288197, 1015.087585, 22.400000, 1.783377, 286.527528, 0
"
"3387, GLIDER, 134, 193, -15.034538, 1015.057373, 22.400000, 1.787246, 286.527528, 0
"
"3387, GLIDER, 135, 194, -14.786165, 1015.027100, 22.400000, 1.785589, 286.527528, 0
"
"3387, GLIDER, 136, 195, -14.532507, 1014.996887, 22.400000, 1.784483, 286.527528, 0
"
"3387, GLIDER, 137, 196, -16.461367, 1015.228638, 22.400000, 1.784483, 286.527528, 0
"
"3387, GLIDER, 138, 197, -15.536571, 1015.117798, 22.400000, 1.786693, 286.527528, 0
"
"3387, GLIDER, 139, 198, -15.288197, 1015.087585, 22.400000, 1.785036, 286.527528, 0
"
"3387, GLIDER, 140, 199, -14.532507, 1014.996887, 22.400000, 1.786693, 286.527528, 0
"
"3387, GLIDER, 141, 200, -14.786165, 1015.027100, 22.400000, 1.784483, 286.527528, 0
"
"3387, GLIDER, 142, 201, -15.790229, 1015.148071, 22.400000, 1.786141, 286.527528, 0
"
"3387, GLIDER, 143, 202, -14.786165, 1015.027100, 22.400000, 1.785589, 286.527528, 0
"
"3387, GLIDER, 157, 202, -13.776816, 1014.906189, 22.299999, 1.786141, 286.527528, 0
"
"3387, GLIDER, 158, 203, -14.786165, 1015.027100, 22.400000, 1.786141, 286.527528, 0
"
"3387, GLIDER, 159, 204, -14.532507, 1014.996887, 22.400000, 1.785589, 286.527528, 0
"
"3387, GLIDER, 160, 205, -14.284133, 1014.966675, 22.400000, 1.785589, 286.527528, 0
"
"3387, GLIDER, 161, 206, -15.034538, 1015.057373, 22.400000, 1.779500, 286.527528, 0
"
"3387, GLIDER, 162, 207, -14.284133, 1014.966675, 22.400000, 1.786141, 286.527528, 0
"
"3387, GLIDER, 163, 208, -14.284133, 1014.966675, 22.400000, 1.783930, 286.527528, 0
"
"3387, GLIDER, 164, 209, -13.776816, 1014.906189, 22.400000, 1.786693, 286.527528, 0
"
"3387, GLIDER, 167, 212, -14.284133, 1014.966675, 22.400000, 1.786141, 286.527528, 0
"
"3387, GLIDER, 168, 213, -15.288197, 1015.087585, 22.400000, 1.786141, 286.527528, 0
"
"3387, GLIDER, 169, 214, -14.786165, 1015.027100, 22.400000, 1.783377, 286.527528, 1
"
"3387, GLIDER, 170, 215, -13.528442, 1014.875977, 22.299999, 1.784483, 286.527528, 1
"
"3387, GLIDER, 171, 216, -14.030475, 1014.936462, 22.299999, 1.777836, 286.527528, 1
"
"3387, GLIDER, 172, 217, -13.776816, 1014.906189, 22.299999, 1.773391, 286.527528, 1
"
"3387, GLIDER, 173, 218, -14.786165, 1015.027100, 22.299999, 1.785589, 286.527528, 1
"
"3387, GLIDER, 174, 219, -14.532507, 1014.996887, 22.299999, 1.783930, 286.527528, 1
"
"3387, GLIDER, 176, 219, -13.776816, 1014.906189, 22.299999, 1.786693, 286.527528, 1
"
"3387, GLIDER, 177, 220, -13.776816, 1014.906189, 22.299999, 1.787797, 286.527528, 1
"
"3387, GLIDER, 178, 221, -14.030475, 1014.936462, 22.299999, 1.785589, 286.527528, 1
"
"3387, GLIDER, 179, 222, -14.284133, 1014.966675, 22.299999, 1.787246, 286.527528, 1
"
"3387, GLIDER, 180, 223, -14.284133, 1014.966675, 22.299999, 1.786141, 286.527528, 1
"
"3387, GLIDER, 181, 224, -14.284133, 1014.966675, 22.299999, 1.784483, 286.527528, 1
"
"3387, GLIDER, 182, 225, -14.030475, 1014.936462, 22.299999, 1.786141, 286.527528, 1
"
"3387, GLIDER, 183, 226, -14.532507, 1014.996887, 22.299999, 1.786693, 286.527528, 1
"
"3387, GLIDER, 184, 227, -14.284133, 1014.966675, 22.299999, 1.777836, 286.527528, 1
"
"3387, GLIDER, 185, 228, -14.030475, 1014.936462, 22.299999, 1.786693, 286.527528, 1
"
"3387, GLIDER, 186, 229, -14.532507, 1014.996887, 22.299999, 1.782270, 286.527528, 1
"
"3387, GLIDER, 187, 230, -13.776816, 1014.906189, 22.299999, 1.785589, 286.527528, 1
"
"3387, GLIDER, 188, 231, -14.786165, 1015.027100, 22.299999, 1.786141, 286.527528, 1
"
"3387, GLIDER, 189, 232, -15.034538, 1015.057373, 22.299999, 1.785589, 286.527528, 1
"
"3387, GLIDER, 190, 233, -14.532507, 1014.996887, 22.299999, 1.783377, 286.527528, 1
"
"3387, GLIDER, 191, 234, -14.532507, 1014.996887, 22.299999, 1.785589, 286.527528, 1
"
"3387, GLIDER, 192, 235, -14.030475, 1014.936462, 22.299999, 1.777836, 286.527528, 1
"
"3387, GLIDER, 193, 236, -14.532507, 1014.996887, 22.299999, 1.786693, 286.527528, 1
"
"3387, GLIDER, 194, 237, -14.030475, 1014.936462, 22.299999, 1.785589, 286.527528, 1
"
"3387, GLIDER, 195, 238, -13.776816, 1014.906189, 22.299999, 1.787246, 286.527528, 1
"
"3387, GLIDER, 196, 239, -14.284133, 1014.966675, 22.299999, 1.785036, 286.527528, 1
"
"3387, GLIDER, 197, 240, -14.030475, 1014.936462, 22.299999, 1.787797, 286.527528, 1
"
"3387, GLIDER, 198, 241, -15.034538, 1015.057373, 22.400000, 1.777281, 286.527528, 1
"
"3387, GLIDER, 199, 242, -15.536571, 1015.117798, 22.400000, 1.785589, 286.527528, 1
"
"3387, GLIDER, 200, 243, -14.532507, 1014.996887, 22.299999, 1.787246, 286.527528, 1
"
"3387, GLIDER, 201, 244, -14.284133, 1014.966675, 22.400000, 1.786693, 286.527528, 1
"
"3387, GLIDER, 202, 245, -14.786165, 1015.027100, 22.400000, 1.785036, 286.527528, 1
"
"3387, GLIDER, 203, 246, -15.034538, 1015.057373, 22.400000, 1.786693, 286.527528, 1
"
"3387, GLIDER, 204, 247, -14.532507, 1014.996887, 22.400000, 1.774503, 286.527528, 1
"
"3387, GLIDER, 205, 248, -13.776816, 1014.906189, 22.400000, 1.786693, 286.527528, 1
"
"3387, GLIDER, 206, 249, -14.786165, 1015.027100, 22.400000, 1.786693, 286.527528, 1
"
"3387, GLIDER, 207, 250, -15.536571, 1015.117798, 22.400000, 1.785036, 286.527528, 1
"
"3387, GLIDER, 208, 251, -14.532507, 1014.996887, 22.400000, 1.785036, 286.527528, 1
"
"3387, GLIDER, 209, 252, -14.532507, 1014.996887, 22.400000, 1.785589, 286.527528, 1
"
"3387, GLIDER, 210, 253, -14.786165, 1015.027100, 22.400000, 1.786141, 286.527528, 1
"
"3387, GLIDER, 211, 254, -14.284133, 1014.966675, 22.400000, 1.785589, 286.527528, 1
"
"3387, GLIDER, 212, 255, -14.786165, 1015.027100, 22.400000, 1.787797, 286.527528, 1
"
"3387, GLIDER, 213, 0, -15.034538, 1015.057373, 22.400000, 1.785589, 286.527528, 1
"
"3387, GLIDER, 214, 1, -15.959334, 1015.168213, 22.400000, 1.774503, 286.527528, 1
"
"3387, GLIDER, 215, 2, -14.786165, 1015.027100, 22.400000, 1.773947, 286.527528, 1
"
"3387, GLIDER, 216, 3, -14.030475, 1014.936462, 22.400000, 1.785036, 286.527528, 1
"
"3387, GLIDER, 217, 4, -15.288197, 1015.087585, 22.400000, 1.785036, 286.527528, 1
"
"3387, GLIDER, 218, 5, -14.532507, 1014.996887, 22.400000, 1.785589, 286.527528, 1
"
"3387, GLIDER, 232, 4, -13.776816, 1014.906189, 22.200001, 1.785036, 286.527528, 1
"
"3387, GLIDER, 233, 5, -14.532507, 1014.996887, 22.299999, 1.787246, 286.527528, 1
"
"141, 286.527528, 1
"
"3387, GLIDER, 237, 9, -15.288197, 1015.087585, 22.299999, 1.784483, 286.527528, 1
"
"3387, GLIDER, 238, 10, -14.284133, 1014.966675, 22.200001, 1.787246, 286.527528, 1
"
"3387, GLIDER, 239, 11, -13.274784, 1014.845764, 22.200001, 1.785036, 286.527528, 1
"
"3387, GLIDER, 245, 11, -14.284133, 1014.966675, 22.200001, 1.773391, 286.527528, 1
"
"3387, GLIDER, 246, 12, -15.705676, 1015.137939, 22.200001, 1.786693, 286.527528, 1
"
"3387, GLIDER, 247, 13, -14.030475, 1014.936462, 22.200001, 1.786141, 286.527528, 1
"
"3387, GLIDER, 248, 14, -14.532507, 1014.996887, 22.200001, 1.785036, 286.527528, 1
"
"3387, GLIDER, 1, 1, -15.288197, 1015.087585, 22.200001, 1.786693, 286.527528, 0
"
"3387, GLIDER, 2, 2, -14.532507, 1014.996887, 22.200001, 1.785036, 286.527528, 0
"
"3387, GLIDER, 3, 3, -14.030475, 1014.936462, 22.200001, 1.784483, 286.527528, 0
"
"3387, GLIDER, 4, 4, -13.776816, 1014.906189, 22.200001, 1.785589, 286.527528, 0
"
"3387, GLIDER, 5, 5, -15.203644, 1015.077515, 22.200001, 1.784483, 286.527528, 0
"
"3387, GLIDER, 6, 6, -14.786165, 1015.027100, 22.200001, 1.785589, 286.527528, 0
"
"3387, GLIDER, 7, 7, -14.532507, 1014.996887, 22.200001, 1.783930, 286.527528, 0
"
"3387, GLIDER, 8, 8, -14.532507, 1014.996887, 22.200001, 1.783930, 286.527528, 0
"
"3387, GLIDER, 9, 9, -14.030475, 1014.936462, 22.200001, 1.785589, 286.527528, 0
"
"3387, GLIDER, 10, 10, -15.034538, 1015.057373, 22.200001, 1.784483, 286.527528, 0
"
"3387, GLIDER, 11, 11, -15.203644, 1015.077515, 22.200001, 1.773391, 286.527528, 0
"
"3387, GLIDER, 12, 12, -14.786165, 1015.027100, 22.200001, 1.775059, 286.527528, 0
"
"3387, GLIDER, 16, 12, -14.030475, 1014.936462, 22.200001, 1.784483, 286.527528, 0
"
"3387, GLIDER, 77, 73, -13.528442, 1014.875977, 22.299999, 1.772278, 286.527528, 0
"
"3387, GLIDER, 78, 74, -14.284133, 1014.966675, 22.299999, 1.784483, 286.527528, 0
"
"3387, GLIDER, 79, 75, -13.528442, 1014.875977, 22.299999, 1.779500, 286.527528, 0
"
"3387, GLIDER, 80, 76, -12.608931, 1014.765137, 22.299999, 1.775059, 286.527528, 0
"
"3387, GLIDER, 81, 77, -13.528442, 1014.875977, 22.299999, 1.785036, 286.527528, 0
"
"3387, GLIDER, 82, 78, -12.608931, 1014.765137, 22.299999, 1.784483, 286.527528, 0
"
"3387, GLIDER, 83, 79, -13.026410, 1014.815552, 22.299999, 1.778946, 286.527528, 0
"
"3387, GLIDER, 84, 80, -14.030475, 1014.936462, 22.299999, 1.785036, 286.527528, 0
"
"3387, GLIDER, 85, 81, -12.608931, 1014.765137, 22.299999, 1.786693, 286.527528, 0
"
"3387, GLIDER, 86, 82, -13.776816, 1014.906189, 22.299999, 1.784483, 286.527528, 0
"
"3387, GLIDER, 87, 83, -13.528442, 1014.875977, 22.200001, 1.784483, 286.527528, 0
"
"3387, GLIDER, 89, 83, -12.857305, 1014.795349, 22.200001, 1.783930, 286.527528, 0
"
"3387, GLIDER, 90, 84, -13.274784, 1014.845764, 22.299999, 1.785036, 286.527528, 0
"
"3387, GLIDER, 91, 85, -12.857305, 1014.795349, 22.200001, 1.785036, 286.527528, 0
"
"3387, GLIDER, 92, 86, -12.857305, 1014.795349, 22.299999, 1.785036, 286.527528, 0
"
"3387, GLIDER, 93, 87, -13.026410, 1014.815552, 22.200001, 1.784483, 286.527528, 0
"
"3387, GLIDER, 94, 88, -13.026410, 1014.815552, 22.200001, 1.785036, 286.527528, 0
"
"3387, GLIDER, 95, 89, -13.528442, 1014.875977, 22.200001, 1.785589, 286.527528, 0
"
"3387, GLIDER, 96, 90, -13.274784, 1014.845764, 22.200001, 1.786141, 286.527528, 0
"
"3387, GLIDER, 97, 91, -14.030475, 1014.936462, 22.200001, 1.785036, 286.527528, 0
"
"3387,CONTAINER,48387,774,52.50,22.60,6.52,1
"
"3387,CONTAINER,48391,778,52.50,22.60,6.49,1
"
"3387,CONTAINER,48392,779,52.50,22.60,6.51,1
"
"3387,CONTAINER,48393,780,52.42,22.60,6.50,1
"
"3387,CONTAINER,48394,781,53.09,22.60,6.51,1
"
"3387,CONTAINER,48395,782,52.84,22.60,6.50,1
"
"3387,CONTAINER,48396,783,52.42,22.60,6.49,1
"
"3387,CONTAINER,48397,784,53.17,22.60,6.50,1
"
"3387,CONTAINER,48398,785,53.26,22.60,6.50,1
"
"3387,CONTAINER,48399,786,53.26,22.60,6.50,1
"
"3387,CONTAINER,48400,787,53.42,22.60,6.50,1
"
"3387,CONTAINER,48401,788,52.50,22.60,6.50,1
"
"3387,CONTAINER,48402,789,53.42,22.60,6.50,1
"
"3387,CONTAINER,48403,790,52.75,22.60,6.50,1
"
"3387,CONTAINER,48404,791,52.59,22.60,6.50,1
"
"3387,CONTAINER,48405,792,52.50,22.60,6.50,1
"
"3387,CONTAINER,48405,793,52.75,22.60,6.50,1
"
"3387,CONTAINER,48407,794,52.92,22.60,6.49,1
"
"3387,CONTAINER,48408,795,52.92,22.60,6.49,1
"
"3387,CONTAINER,48409,796,52.84,22.60,6.49,1
"
"3387,CONTAINER,48410,797,52.59,22.60,6.49,1
"
"3387,CONTAINER,48410,798,52.08,22.60,6.49,1
"
"3387,CONTAINER,48412,799,52.67,22.60,6.49,1
"
"3387,CONTAINER,48413,800,52.92,22.60,6.49,1
"
"3387,CONTAINER,48413,801,52.59,22.60,6.49,1
"
"3387,CONTAINER,48415,802,52.75,22.60,6.49,1
"
"3387,CONTAINER,48416,803,52.67,22.60,6.49,1
"
"3387,CONTAINER,48416,804,52.67,22.60,6.49,1
"
"3387,CONTAINER,48418,805,52.59,22.60,6.48,1
"
"3387,CONTAINER,48418,806,52.92,22.60,6.48,1
"
"3387,CONTAINER,48421,808,52.84,22.60,6.47,1
"
"3387,CONTAINER,48421,809,52.75,22.60,6.46,1
"
"3387,CONTAINER,48423,810,52.92,22.60,6.48,1
"
"3387,CONTAINER,48442,830,52.42,22.70,6.51,1
"
"3387,CONTAINER,48443,831,52.42,22.70,6.50,1
"
"3387,CONTAINER,48451,839,52.42,22.70,6.36,1
"
"3387,CONTAINER,48453,841,52.34,22.70,6.50,1
"
"52.92,22.70,2.00,1
"
"3387,CONTAINER,48455,843,52.92,22.70,6.47,1
"
"3387,CONTAINER,48464,852,53.17,22.70,6.42,1
"
"3387,CONTAINER,48465,853,52.92,22.70,6.17,1
"
"3387,CONTAINER,48551,881,52.34,22.60,6.45,1
"
"3387,CONTAINER,48552,882,52.17,22.60,6.45,1
"
"3387,CONTAINER,48553,883,52.50,22.60,6.45,1
"
"3387,CONTAINER,48554,884,52.75,22.60,6.45,1
"
"3387,CONTAINER,48555,885,52.67,22.60,6.45,1
"
"3387,CONTAINER,48556,886,52.25,22.60,6.45,1
"
"resetting data...
"
"3387,CONTAINER,0,0,52.59,22.60,6.44,0
"
"3387,CONTAINER,1,1,52.67,22.60,6.44,0
"
"3387,CONTAINER,2,2,52.67,22.60,6.44,0
"
"3387,CONTAINER,3,3,51.92,22.60,6.44,0
"
"3387,CONTAINER,4,4,52.59,22.60,6.44,0
"
"3387,CONTAINER,5,5,52.25,22.60,6.44,0
"
"3387,CONTAINER,5,6,52.84,22.60,6.44,0
"
"3387,CONTAINER,9,7,53.09,22.50,6.44,1
"
"3387,CONTAINER,10,8,53.00,22.60,6.44,1
"
"3387,CONTAINER,11,9,52.92,22.60,6.44,1
"
"3387,CONTAINER,164,20,53.09,22.50,6.40,1
"
"3387,CONTAINER,165,21,53.42,22.50,6.40,1
"
"3387,CONTAINER,166,22,52.92,22.50,6.40,1
"
"3387,CONTAINER,167,23,52.75,22.50,6.40,1
"
"3387,CONTAINER,168,24,52.75,22.50,6.40,1
"
"3387,CONTAINER,169,25,52.75,22.50,6.40,1
"
"3387,CONTAINER,170,26,52.59,22.50,6.40,1
"
"3387,CONTAINER,171,27,52.75,22.50,6.40,1
"
"3387,CONTAINER,172,28,53.00,22.50,6.40,1
"
"3387,CONTAINER,173,29,53.26,22.60,6.40,1
"
"3387,CONTAINER,174,30,52.42,22.50,6.40,1
"
"3387,CONTAINER,175,31,52.34,22.60,6.40,1
"
"3387,CONTAINER,176,32,52.84,22.60,6.40,1
"
"3387,CONTAINER,177,33,52.59,22.60,6.40,1
"
"3387,CONTAINER,178,34,52.34,22.60,6.40,1
"
"3387,CONTAINER,179,35,53.00,22.60,6.39,1
"
"3387,CONTAINER,180,36,52.67,22.60,6.39,1
"
"3387,CONTAINER,181,37,53.17,22.60,6.40,1
"
"3387,CONTAINER,182,38,52.50,22.60,6.40,1
"
"3387,CONTAINER,183,39,52.84,22.60,6.40,1
"
"3387,CONTAINER,184,40,51.83,22.60,6.40,1
"
"3387,CONTAINER,185,41,52.50,22.60,6.40,1
"
"3387,CONTAINER,186,42,52.67,22.60,6.40,1
"
"3387,CONTAINER,190,46,52.92,22.60,6.39,1
"
"3387,CONTAINER,191,47,52.42,22.60,6.39,1
"
"3387,CONTAINER,192,48,52.25,22.60,6.39,1
"
"3387,CONTAINER,193,49,52.25,22.60,6.39,1
"
"3387,CONTAINER,194,50,52.84,22.60,6.39,1
"
"3387,CONTAINER,195,51,52.17,22.60,6.39,1
"
"3387,CONTAINER,196,52,52.75,22.60,6.38,1
"
"3387,CONTAINER,197,53,52.59,22.60,6.38,1
"
",6.38,1
"
"3387,CONTAINER,199,55,52.59,22.60,6.38,1
"
"3387,CONTAINER,200,56,52.08,22.60,6.38,1
"
"3387,CONTAINER,201,57,51.92,22.60,6.32,1
"
"3387,CONTAINER,202,58,52.42,22.60,6.38,1
"
"3387,CONTAINER,203,59,52.25,22.60,6.38,1
"
"3387,CONTAINER,204,60,52.50,22.60,6.38,1
"
"3387,CONTAINER,205,61,52.75,22.60,6.37,1
"
"3387,CONTAINER,206,62,52.59,22.60,6.38,1
"
"3387,CONTAINER,207,63,52.17,22.60,6.38,1
"
"3387,CONTAINER,208,64,52.59,22.60,6.38,1
"
"3387,CONTAINER,209,65,52.17,22.60,6.38,1
"
"3387,CONTAINER,210,66,52.75,22.70,6.38,1
"
"3387,CONTAINER,211,67,52.00,22.70,6.38,1
"
"3387,CONTAINER,212,68,52.17,22.70,6.38,1
"
"3387,CONTAINER,213,69,52.08,22.70,6.38,1
"
"3387,CONTAINER,214,70,52.25,22.70,6.38,1
"
"3387,CONTAINER,215,71,52.84,22.70,6.38,1
"
"3387,CONTAINER,216,72,52.59,22.70,6.38,1
"
"3387,CONTAINER,217,73,53.00,22.70,6.38,1
"
"3387,CONTAINER,218,74,53.00,22.70,6.38,1
"
"3387,CONTAINER,219,75,52.34,22.70,6.38,1
"
"3387,CONTAINER,220,76,52.59,22.70,6.38,1
"
"3387,CONTAINER,221,77,52.75,22.70,6.38,1
"
"3387,CONTAINER,222,78,52.00,22.70,6.38,1
"
"3387,CONTAINER,223,79,52.67,22.70,6.38,1
"
"3387,CONTAINER,224,80,52.59,22.70,6.38,1
"
"3387,CONTAINER,225,81,52.25,22.70,6.38,1
"
"3387,CONTAINER,250,97,52.59,22.70,6.36,1
"
"3387,CONTAINER,251,98,53.17,22.70,6.37,1
"
"3387,CONTAINER,252,99,52.84,22.70,6.37,1
"
"3387,CONTAINER,253,100,53.09,22.70,6.38,1
"
"3387,CONTAINER,254,101,52.42,22.70,6.38,1
"
"3387,CONTAINER,255,102,52.75,22.70,6.38,1
"
"3387,CONTAINER,256,103,52.92,22.70,6.38,1
"
"3387,CONTAINER,257,104,52.59,22.70,6.38,1
"
"3387,CONTAINER,258,105,52.75,22.70,6.38,1
"
"3387,CONTAINER,259,106,53.17,22.70,6.38,1
"
"3387,CONTAINER,260,107,53.26,22.70,6.38,1
"
"3387,CONTAINER,261,108,53.09,22.70,6.38,1
"
"resetting data...
"
"resetting data...
"
"resetting data...
"
"3387,CONTAINER,0,0,52.92,22.70,6.35,0
"
"resetting data...
"
"resetting data...
"
"3387,CONTAINER,0,0,52.84,22.70,6.36,0
"
"3387,CONTAINER,1,1,52.34,22.70,6.36,0
"
"3387,CONTAINER,2,2,52.67,22.70,6.36,0
"
"3387,CONTAINER,3,3,52.59,22.70,6.37,0
"
"3387,CONTAINER,4,4,52.84,22.70,6.37,0
"
"3387,CONTAINER,5,5,52.59,22.70,6.37,0
"
"resetting data...
"
"3387,CONTAINER,1,0,52.67,22.70,6.37,0
"
"3387,CONTAINER,2,1,52.17,22.70,6.37,0
"
"3387,CONTAINER,3,2,52.84,22.70,6.37,0
"
"3387,CONTAINER,4,3,52.75,22.70,6.37,0
"
"3387,CONTAINER,5,4,52.59,22.80,6.37,0
"
"3387,CONTAINER,6,5,52.42,22.80,6.37,0
"
"resetting data...
"
"3387,CONTAINER,1,0,52.42,22.80,6.37,0
"
"3387,CONTAINER,2,1,52.67,22.80,6.37,0
"
"3387,CONTAINER,3,2,52.75,22.80,6.37,0
"
"3387,CONTAINER,4,3,52.59,22.80,6.37,0
"
"3387,CONTAINER,5,4,52.84,22.80,6.37,0
"
"3387,CONTAINER,6,5,52.42,22.80,6.36,0
"
"resetting data...
"
"3387,CONTAINER,0,0,52.67,22.80,6.36,0
"
"3387,CONTAINER,1,1,52.67,22.80,6.36,0
"
"3387,CONTAINER,2,2,52.59,22.80,6.37,0
"
"3387,CONTAINER,3,3,52.84,22.80,6.36,0
"
"3387,CONTAINER,4,4,52.67,22.80,6.37,0
"
"3387,CONTAINER,5,5,52.92,22.80,6.37,0
"
"3387,CONTAINER,6,6,53.26,22.80,6.36,0
"
"3387,CONTAINER,7,7,53.26,22.80,6.36,0
"
"3387,CONTAINER,8,8,53.00,22.80,6.36,0
"
"3387,CONTAINER,9,9,53.00,22.80,6.36,0
"
"resetting data...
"
"3387,CONTAINER,0,0,53.26,22.80,6.36,0
"
"3387,CONTAINER,1,1,52.50,22.80,6.36,0
"
"3387,CONTAINER,2,2,53.00,22.80,6.36,0
"
"3387,CONTAINER,3,3,53.67,22.80,6.36,0
"
"3387,CONTAINER,4,4,52.75,22.80,6.36,0
"
"3387,CONTAINER,5,5,53.09,22.80,6.36,0
"
"3387,CONTAINER,6,6,53.00,22.80,6.37,0
"
"3387,CONTAINER,7,7,52.42,22.80,6.36,0
"
"3387,CONTAINER,8,8,52.42,22.80,6.36,0
"
"3387,CONTAINER,9,9,52.59,22.80,6.36,0
"
"resetting data...
"
"3387,CONTAINER,10,10,52.67,22.80,6.36,0
"
"3387,CONTAINER,1,1,52.67,22.80,6.36,0
"
"3387,CONTAINER,2,2,53.09,22.80,6.36,0
"
"3387,CONTAINER,3,3,52.75,22.80,6.36,0
"
"3387,CONTAINER,4,4,53.00,22.80,6.36,0
"
"3387,CONTAINER,5,5,52.59,22.80,6.36,0
"
"3387,CONTAINER,6,6,52.34,22.80,6.36,0
"
"3387,CONTAINER,7,7,52.84,22.80,6.36,0
"
"3387,CONTAINER,8,8,53.17,22.80,6.36,0
"
"3387,CONTAINER,9,9,52.08,22.80,6.36,0
"
"3387,CONTAINER,10,10,52.67,22.80,6.36,0
"
"3387,CONTAINER,11797,12,52.50,22.70,6.39,0
"
"3387,CONTAINER,11798,13,52.59,22.80,6.39,0
"
"3387,CONTAINER,11799,14,52.34,22.80,6.39,0
"
"3387,CONTAINER,11800,15,52.42,22.80,6.39,0
"
"3387,CONTAINER,11801,16,52.42,22.80,6.39,0
"
"3387,CONTAINER,11802,17,52.59,22.80,6.38,0
"
"3387,CONTAINER,11803,18,52.17,22.80,6.38,0
"
"3387,CONTAINER,11804,19,51.92,22.80,6.38,0
"
"3387,CONTAINER,11805,20,52.25,22.80,6.38,0
"
"3387,CONTAINER,11806,21,52.59,22.80,6.38,0
"
"3387,CONTAINER,11807,22,52.59,22.80,6.39,0
"
"resetting data...
"
"resetting data...
"
"resetting data...
"
"3387,CONTAINER,0,0,55.60,22.80,6.36,0
"
"resetting data...
"
"3387,CONTAINER,1,0,52.59,22.80,6.37,0
"
"3387,CONTAINER,2,1,52.92,22.80,6.38,0
"
"3387,CONTAINER,3,2,52.42,22.80,6.38,0
"
"resetting data...
"
"3387,CONTAINER,1,0,52.84,22.80,6.37,0
"
"3387,CONTAINER,2,1,52.92,22.80,6.38,0
"
"3387,CONTAINER,3,2,52.75,22.80,6.37,0
"
"3387,CONTAINER,4,3,52.84,22.80,6.38,0
"
"resetting data...
"
"3387,CONTAINER,0,0,52.67,22.80,6.37,0
"
"3387,CONTAINER,1,1,52.25,22.80,6.37,0
"
"3387,CONTAINER,2,2,52.17,22.80,6.37,0
"
"3387,CONTAINER,3,3,52.17,22.80,6.37,0
"
"3387,CONTAINER,4,4,52.34,22.80,6.37,0
"
"3387,CONTAINER,5,5,52.50,22.80,6.37,0
"
"3387,CONTAINER,6,6,52.25,22.80,6.37,0
"
"3387,CONTAINER,7,7,52.50,22.80,6.37,0
"
"3387,CONTAINER,8,8,52.92,22.80,6.37,0
"
"3387,CONTAINER,9,9,52.59,22.80,6.37,0
"
"3387,CONTAINER,10,10,52.50,22.80,6.37,0
"
"3387,CONTAINER,11,11,52.75,22.80,6.37,0
"
"3387,CONTAINER,12,12,52.34,22.80,6.37,0
"
"3387,CONTAINER,13,13,52.92,22.80,6.37,0
"
"3387,CONTAINER,14,14,52.92,22.80,6.37,0
"
"3387,CONTAINER,15,15,52.92,22.80,6.37,0
"
"3387,CONTAINER,16,16,53.26,22.80,6.37,0
"
"3387,CONTAINER,17,17,52.50,22.90,6.37,0
"
"3387,CONTAINER,18,18,53.09,22.90,6.37,0
"
"3387,CONTAINER,19,19,53.17,22.90,6.37,0
"
"3387,CONTAINER,20,20,52.92,22.90,6.37,0
"
"3387,CONTAINER,21,21,52.75,22.90,6.37,0
"
"3387,CONTAINER,22,22,52.67,22.90,6.37,0
"
"3387,CONTAINER,23,23,52.75,22.90,6.37,0
"
"3387,CONTAINER,24,24,52.75,22.90,6.37,0
"
"3387,CONTAINER,25,25,53.09,22.90,6.37,0
"
"3387,CONTAINER,26,26,52.50,22.90,6.36,0
"
"3387,CONTAINER,27,27,53.00,22.90,6.37,0
"
"3387,CONTAINER,28,28,53.34,22.90,6.36,0
"
"3387,CONTAINER,29,29,53.00,22.90,6.36,0
"
"3387,CONTAINER,30,30,52.67,22.90,6.36,0
"
"3387,CONTAINER,31,31,53.00,22.90,6.36,0
"
"3387,CONTAINER,32,32,52.67,22.90,6.36,0
"
"3387,CONTAINER,33,33,53.00,22.90,6.36,0
"
"3387,CONTAINER,34,34,52.25,22.90,6.36,0
"
"3387,CONTAINER,35,35,52.67,22.90,6.36,0
"
"3387,CONTAINER,36,36,52.75,22.90,6.36,0
"
"3387,CONTAINER,37,37,52.17,22.90,6.36,0
"
"3387,CONTAINER,38,38,52.67,22.90,6.36,0
"
"3387,CONTAINER,39,39,52.84,22.90,6.36,0
"
"3387,CONTAINER,40,40,52.67,22.90,6.36,0
"
"3387,CONTAINER,41,41,52.67,22.90,6.36,0
"
"3387,CONTAINER,42,42,52.84,22.90,6.35,0
"
"resetting data...
"
"3387,CONTAINER,1,0,52.92,22.90,6.36,0
"
"3387,CONTAINER,2,1,52.67,22.90,6.36,0
"
"3387,CONTAINER,3,2,52.67,22.90,6.36,0
"
"3387,CONTAINER,4,3,52.34,22.90,6.36,0
"
"3387,CONTAINER,5,4,52.59,22.90,6.36,0
"
"3387,CONTAINER,7,6,52.50,22.90,6.36,0
"
"3387,CONTAINER,8,7,52.84,22.90,6.36,0
"
"3387,CONTAINER,9,8,52.84,22.90,6.36,0
"
"3387,CONTAINER,10,9,53.17,22.90,6.36,0
"
"3387,CONTAINER,11,10,53.17,22.90,6.36,0
"
"3387,CONTAINER,12,11,52.84,22.90,6.36,0
"
"3387,CONTAINER,13,12,52.17,22.90,6.36,0
"
"3387,CONTAINER,14,13,52.92,22.90,6.36,0
"
"3387,CONTAINER,15,14,53.00,22.90,6.36,0
"
"3387,CONTAINER,16,15,52.92,22.90,6.36,0
"
"3387,CONTAINER,17,16,52.92,22.90,6.36,0
"
"3387,CONTAINER,18,17,52.75,22.90,6.36,0
"
"3387,CONTAINER,19,18,52.75,22.90,6.36,0
"
"3387,CONTAINER,20,19,52.42,22.90,6.36,0
"
"3387,CONTAINER,21,20,53.09,22.90,6.35,0
"
"3387,CONTAINER,22,21,52.67,22.90,6.35,0
"
"3387,CONTAINER,23,22,52.75,22.90,6.36,0
"
"3387,CONTAINER,24,23,53.09,22.90,6.35,0
"
"3387,CONTAINER,25,24,53.26,22.90,6.35,0
"
"3387,CONTAINER,26,25,52.84,22.90,6.35,0
"
"3387,CONTAINER,27,26,53.00,22.90,6.35,0
"
"3387,CONTAINER,28,27,53.00,22.90,6.35,0
"
"3387,CONTAINER,29,28,52.84,22.90,6.35,0
"
"3387,CONTAINER,30,29,52.92,22.90,6.35,0
"
"3387,CONTAINER,31,30,52.84,22.90,6.35,0
"
"resetting data...
"
"3387,CONTAINER,0,0,52.50,22.90,6.35,0
"
"3387,CONTAINER,1,1,53.17,22.90,6.35,0
"
"3387,CONTAINER,2,2,52.59,22.90,6.35,0
"
"3387,CONTAINER,3,3,52.59,22.90,6.35,0
"
"3387,CONTAINER,4,4,52.84,22.90,6.35,0
"
"resetting data...
"
"3387,CONTAINER,1,0,52.42,22.90,6.35,0
"
"3387,CONTAINER,2,1,52.84,22.90,6.35,0
"
"3387,CONTAINER,3,2,52.50,22.90,6.35,0
"
"3387,CONTAINER,4,3,52.75,22.90,6.35,0
"
"3387,CONTAINER,5,4,53.67,22.90,6.35,0
"
"3387,CONTAINER,6,5,53.17,22.90,6.35,0
"
"3387,CONTAINER,7,6,52.42,22.90,6.35,0
"
"3387,CONTAINER,8,7,52.67,22.90,6.35,0
"
"3387,CONTAINER,9,8,53.17,22.90,6.35,0
"
"3387,CONTAINER,10,9,52.59,22.90,6.35,0
"
"3387,CONTAINER,11,10,53.09,22.90,6.35,0
"
"3387,CONTAINER,12,11,52.34,22.90,6.35,0
"
"3387,CONTAINER,28,25,53.67,23.00,6.11,1
"
"3387,CONTAINER,29,26,53.34,23.00,6.13,1
"
"3387,CONTAINER,30,27,53.59,23.00,6.14,1
"
"3387,CONTAINER,31,28,53.76,23.00,6.14,1
"
"3387,CONTAINER,32,29,53.51,23.00,6.15,1
"
"resetting data...
"
"3387,CONTAINER,0,0,53.59,23.00,6.14,0
"
"3387,CONTAINER,1,1,54.09,23.00,6.15,0
"
"3387,CONTAINER,2,2,53.84,23.00,6.15,0
"
"3387,CONTAINER,2,3,53.76,23.00,6.15,0
"
"3387,CONTAINER,6,4,54.01,22.90,5.85,1
"
"3387,CONTAINER,7,5,53.67,23.00,5.93,1
"
